seller_id,year_month,orders_count,gmv_gross,gmv_net
1,2023-08,77,1363858.16,1278810.3800000001
1,2023-09,63,886845.56,827436.28
1,2023-10,70,1460757.45,1348471.21
1,2023-11,42,747839.77,689263.74
1,2023-12,58,983504.23,911419.0
1,2024-01,64,976858.79,908452.1
1,2024-02,52,1082985.96,1002340.4299999999
1,2024-03,72,1351252.89,1248524.07
1,2024-04,74,1262280.51,1168448.93
1,2024-05,74,1036321.36,961550.91
1,2024-06,64,1029912.58,946927.86
1,2024-07,87,1624296.48,1510022.97
1,2024-08,62,1244520.28,1150055.64
1,2024-09,69,1319305.34,1220263.4
1,2024-10,61,1214108.28,1131048.37
1,2024-11,60,876887.31,805639.59
10,2023-08,69,1145206.59,1060656.05
10,2023-09,49,815137.44,748593.22
10,2023-10,72,1288751.46,1195131.05
10,2023-11,68,1115155.11,1031903.9
10,2023-12,67,1133448.02,1048497.38
10,2024-01,77,1298293.15,1200224.15
10,2024-02,76,1154710.74,1073390.1
10,2024-03,57,873840.01,808946.24
10,2024-04,52,800911.02,744725.75
10,2024-05,67,1197680.73,1110787.81
10,2024-06,58,978366.39,907177.51
10,2024-07,63,1008007.5,934761.85
10,2024-08,65,1195031.57,1106197.28
10,2024-09,69,1033586.55,951422.53
10,2024-10,78,1498236.17,1382756.24
10,2024-11,66,1039525.46,958528.76
100,2023-08,25,341838.62,315681.19
100,2023-09,31,624975.95,570387.99
100,2023-10,18,410022.91000000003,384909.13
100,2023-11,31,443215.47,405164.43
100,2023-12,23,415649.53,380703.45
100,2024-01,25,456191.77,421128.78
100,2024-02,18,317384.87,294689.39
100,2024-03,26,530506.46,491706.52999999997
100,2024-04,21,234373.04,215831.53
100,2024-05,20,413897.94,381285.04
100,2024-06,18,341942.94,315764.9
100,2024-07,26,471505.72,438244.58
100,2024-08,21,319683.75,295048.06
100,2024-09,14,229749.58,212705.75
100,2024-10,20,403541.77,375667.08
100,2024-11,21,336024.57,311563.76
101,2023-08,23,504706.2,470938.16
101,2023-09,13,295393.73,269669.55
101,2023-10,21,462751.91000000003,428435.54
101,2023-11,28,422755.7,389481.33999999997
101,2023-12,33,695869.21,649321.12
101,2024-01,23,389119.63,357711.67000000004
101,2024-02,20,275010.78,254438.88
101,2024-03,20,395187.39,367592.64999999997
101,2024-04,20,505740.41000000003,472118.56
101,2024-05,18,303475.94,279567.45
101,2024-06,20,349641.33999999997,323662.06
101,2024-07,21,317048.96,290035.87
101,2024-08,16,308153.54,283138.28
101,2024-09,21,321646.92,303613.8
101,2024-10,26,462927.65,427675.84
101,2024-11,29,410020.29,380259.48
102,2023-08,28,501461.92,466169.05
102,2023-09,28,493767.15,462049.98000000004
102,2023-10,25,458995.87,428196.42
102,2023-11,33,506334.89,463785.29
102,2023-12,30,539816.8200000001,503148.38
102,2024-01,23,385769.45,357497.34
102,2024-02,20,393083.79,361159.3
102,2024-03,26,465049.22,430273.11
102,2024-04,23,422166.02,391992.75
102,2024-05,22,320371.85,294961.67
102,2024-06,26,382965.07,352889.43
102,2024-07,21,240923.69,220166.09999999998
102,2024-08,25,372336.21,340037.08
102,2024-09,22,461388.16000000003,427301.74
102,2024-10,18,325881.34,299250.55
102,2024-11,23,338845.24,317329.08
103,2023-08,19,351369.6,324382.55
103,2023-09,22,404119.35,368175.62
103,2023-10,21,354443.86,326566.25
103,2023-11,21,401740.96,378884.68
103,2023-12,21,323661.83999999997,294742.61
103,2024-01,19,382501.95999999996,355468.35
103,2024-02,21,445038.99,408543.63
103,2024-03,34,453450.54,423111.16000000003
103,2024-04,32,582159.83,540780.73
103,2024-05,26,434142.82999999996,404444.96
103,2024-06,23,416538.84,387432.96
103,2024-07,13,188638.53,171439.37
103,2024-08,30,526728.48,492310.76
103,2024-09,16,231862.02000000002,212552.59
103,2024-10,35,609376.51,565237.6900000001
103,2024-11,20,313530.18,291222.69
104,2023-08,23,385615.12,356313.38
104,2023-09,16,286716.93,265988.1
104,2023-10,22,299246.54,273794.22
104,2023-11,19,387643.68,357979.13
104,2023-12,25,451069.44,421410.48
104,2024-01,28,519876.02,480209.05
104,2024-02,16,332850.06,308831.49
104,2024-03,23,416106.4,383779.17
104,2024-04,18,252075.81,235125.12
104,2024-05,24,417458.25,384686.66000000003
104,2024-06,17,343410.85,323041.45
104,2024-07,21,297871.33,272606.98
104,2024-08,29,588491.32,544754.21
104,2024-09,10,140746.76,132037.37
104,2024-10,25,507039.73,473540.66
104,2024-11,26,402092.51,373687.93
105,2023-08,16,237891.25,221846.58000000002
105,2023-09,25,474653.07,434082.15
105,2023-10,22,387349.37,357558.86
105,2023-11,18,314065.27999999997,292994.13
105,2023-12,24,463717.36,429688.79
105,2024-01,17,309839.24,283517.7
105,2024-02,13,195915.86,182016.98
105,2024-03,24,479905.79,443335.71
105,2024-04,21,325719.85,303048.29
105,2024-05,27,485015.82,454451.42
105,2024-06,27,483355.77,443780.25
105,2024-07,34,536865.24,501053.32000000007
105,2024-08,28,564710.87,522670.36
105,2024-09,20,237310.61,221482.25
105,2024-10,24,437632.82,402963.19
105,2024-11,22,407236.24,380343.83999999997
106,2023-08,16,246275.92,230153.74000000002
106,2023-09,23,553691.29,516205.12
106,2023-10,17,315243.27,288125.71
106,2023-11,31,564613.57,522195.23
106,2023-12,24,470852.88,435603.28
106,2024-01,22,341912.2,316316.36
106,2024-02,22,381909.76,351478.51
106,2024-03,28,416470.76,394733.63
106,2024-04,25,346681.74,317729.11
106,2024-05,23,400948.33,370202.88
106,2024-06,23,284145.0,265501.38
106,2024-07,20,332086.12,308062.49
106,2024-08,21,337161.27,315176.28
106,2024-09,25,383724.83,353507.15
106,2024-10,15,281020.88,259826.91
106,2024-11,30,351873.28,325876.61
107,2023-08,29,490285.64,455064.82
107,2023-09,16,297413.9,277512.77
107,2023-10,22,335977.0,308468.82
107,2023-11,19,343521.54,317422.49
107,2023-12,32,627201.4400000001,578115.79
107,2024-01,27,521168.39,483540.32
107,2024-02,17,302102.28,278742.91000000003
107,2024-03,27,439643.04,407403.87
107,2024-04,24,507040.84,464940.99
107,2024-05,21,456930.68,427429.39999999997
107,2024-06,18,348744.82,325731.30000000005
107,2024-07,15,323999.21,294632.49
107,2024-08,30,593342.51,553074.53
107,2024-09,22,363121.84,334439.44
107,2024-10,18,284650.14,262937.89
107,2024-11,22,443566.26,413120.93
108,2023-08,29,621555.28,573603.88
108,2023-09,14,305857.23,280243.42
108,2023-10,35,636413.0,585615.94
108,2023-11,22,324308.26,299316.11
108,2023-12,26,373129.37,344093.63
108,2024-01,21,400551.73,371908.28
108,2024-02,15,214975.9,196381.0
108,2024-03,24,306704.87,285548.29
108,2024-04,25,359326.98,329437.3
108,2024-05,29,487067.6,451898.92
108,2024-06,21,355713.99,330029.35
108,2024-07,19,245581.54,225570.6
108,2024-08,24,436313.13,406188.16
108,2024-09,25,462360.18,426287.54
108,2024-10,17,299516.52,278537.89999999997
108,2024-11,25,534517.23,495135.07
109,2023-08,17,270954.13,250303.29
109,2023-09,23,498782.67,463481.22
109,2023-10,29,585345.01,539320.98
109,2023-11,22,475335.25,438909.11
109,2023-12,22,424921.81,395947.5
109,2024-01,17,316810.99,295547.05
109,2024-02,22,418441.64,391243.52
109,2024-03,27,500187.93,464390.13
109,2024-04,20,389600.48,362291.98
109,2024-05,13,247149.93,227859.72
109,2024-06,20,339684.24,319456.33
109,2024-07,26,443267.79,408578.45
109,2024-08,28,535409.97,489829.26
109,2024-09,21,242417.27,226587.61
109,2024-10,27,452420.71,420363.44
109,2024-11,14,257369.61,240054.55
11,2023-08,59,1050570.75,971047.21
11,2023-09,80,1493292.76,1383154.85
11,2023-10,60,1200172.89,1108294.79
11,2023-11,71,1089989.76,1012952.76
11,2023-12,57,1029046.73,948144.1
11,2024-01,61,894030.16,829450.5
11,2024-02,85,1661816.11,1537486.17
11,2024-03,68,1211646.9,1116830.27
11,2024-04,49,925733.99,852385.86
11,2024-05,72,1247011.53,1158612.56
11,2024-06,59,1052949.65,977187.03
11,2024-07,61,1059229.95,985432.36
11,2024-08,71,1183946.35,1087879.67
11,2024-09,74,1354087.19,1258691.99
11,2024-10,84,1376388.42,1277253.6300000001
11,2024-11,71,1260136.3800000001,1159661.18
110,2023-08,23,393581.11,360617.98
110,2023-09,24,408529.58,375704.83
110,2023-10,26,516156.10000000003,477986.81
110,2023-11,16,314964.97000000003,291024.85
110,2023-12,20,420534.6,387497.83999999997
110,2024-01,24,390764.36,364510.55
110,2024-02,30,501885.76,467608.82
110,2024-03,24,317621.6,294743.23
110,2024-04,23,334123.88,310164.24
110,2024-05,17,273478.2,255797.0
110,2024-06,20,304287.43,284519.49
110,2024-07,18,325997.83,300332.44
110,2024-08,15,214008.00999999998,200441.95
110,2024-09,24,413389.01,382547.62
110,2024-10,18,272257.53,250222.65
110,2024-11,14,216095.25999999998,198930.4
111,2023-08,24,395515.39,363733.67
111,2023-09,15,173259.13999999998,156291.00999999998
111,2023-10,20,372606.26,344065.73
111,2023-11,23,331939.13,307620.55
111,2023-12,22,397066.59,368291.98
111,2024-01,20,389267.45,364002.36
111,2024-02,14,276400.68,260147.77000000002
111,2024-03,25,400337.89999999997,371975.45
111,2024-04,25,393392.85,366934.02
111,2024-05,34,482449.38,446485.36
111,2024-06,22,445743.88,416449.9
111,2024-07,26,492845.73,454597.64
111,2024-08,28,374790.07,346926.96
111,2024-09,22,239378.62,221111.69
111,2024-10,19,251900.05,234921.16
111,2024-11,25,484789.27,440573.09
112,2023-08,29,587588.55,541720.68
112,2023-09,17,288225.75,261258.53999999998
112,2023-10,15,228779.59,212592.11
112,2023-11,16,233010.43,211347.86
112,2023-12,16,266151.4,246057.97
112,2024-01,22,391231.14999999997,360733.26
112,2024-02,17,271427.55,255043.32
112,2024-03,25,317355.13,292537.3
112,2024-04,18,383396.31,354814.37
112,2024-05,22,286303.25,263615.18
112,2024-06,24,424694.59,390542.34
112,2024-07,20,386315.69,360593.7
112,2024-08,19,244754.88,226314.65
112,2024-09,34,618757.9,565941.82
112,2024-10,19,386893.42,357287.62
112,2024-11,19,360475.26,330082.64999999997
113,2023-08,16,359884.2,270176.48000000004
113,2023-09,23,439498.9,346527.47000000003
113,2023-10,19,303551.02,239981.57
113,2023-11,19,352746.01,270788.01
113,2023-12,17,336473.83999999997,242753.43
113,2024-01,33,530855.68,414641.32
113,2024-02,31,516831.06,398635.77
113,2024-03,24,396393.72,298159.54
113,2024-04,26,605958.84,453003.89
113,2024-05,17,342163.01,273558.76
113,2024-06,27,527246.74,403779.27
113,2024-07,22,383645.28,296548.52
113,2024-08,37,603958.74,475291.75
113,2024-09,19,328714.24,226233.61
113,2024-10,26,451346.44,360146.33
113,2024-11,19,374273.2,283322.08
114,2023-08,27,543528.55,501625.45
114,2023-09,20,420165.81,385194.68
114,2023-10,28,480224.79,438615.11
114,2023-11,17,321326.9,299405.82
114,2023-12,28,477474.95,441506.7
114,2024-01,23,437792.57,406535.85
114,2024-02,17,314764.88,290946.56
114,2024-03,15,251871.35,233966.13
114,2024-04,19,333486.68,309311.93
114,2024-05,22,315772.69,290802.12
114,2024-06,11,174995.68,163163.88999999998
114,2024-07,18,294766.21,270483.05
114,2024-08,23,405319.51,372407.22000000003
114,2024-09,17,373000.09,347334.59
114,2024-10,20,337719.44,312724.12
114,2024-11,20,345522.13,319229.52
115,2023-08,28,484261.89999999997,446101.43
115,2023-09,21,420686.29,387021.35
115,2023-10,15,197366.31,182745.82
115,2023-11,21,362398.25,339950.14
115,2023-12,23,343651.62,315884.24
115,2024-01,22,411639.83,380999.56
115,2024-02,17,330354.61,303755.61
115,2024-03,18,263351.51,238139.84
115,2024-04,17,296290.22,272692.83999999997
115,2024-05,25,442032.53,407233.52
115,2024-06,22,375301.95,342958.99
115,2024-07,28,566243.03,523908.82
115,2024-08,24,389826.25,362636.16
115,2024-09,22,354611.42,324060.56
115,2024-10,20,403457.11,372981.55
115,2024-11,22,306406.82,279657.8
116,2023-08,24,375716.48,349630.4
116,2023-09,19,305009.84,280342.69
116,2023-10,24,396279.39,372918.48
116,2023-11,21,447361.18,410166.01
116,2023-12,25,513821.37,477894.04
116,2024-01,26,510408.78,473519.87
116,2024-02,19,392827.81,363578.5
116,2024-03,21,410949.56,375685.45
116,2024-04,19,305218.56,281374.62
116,2024-05,16,312094.05,289373.99
116,2024-06,26,425800.95999999996,394093.2
116,2024-07,17,362354.81,339044.49
116,2024-08,17,359140.25,335846.13999999996
116,2024-09,24,362219.6,337182.27
116,2024-10,20,305434.79,284548.18
116,2024-11,22,391691.39,359683.99
117,2023-08,22,454284.19,418503.51
117,2023-09,16,241415.23,223032.54
117,2023-10,16,347146.95999999996,320737.62
117,2023-11,19,349872.42,322469.48
117,2023-12,28,541956.6900000001,492486.79
117,2024-01,21,321788.97,299659.48
117,2024-02,20,379863.55,352806.3
117,2024-03,17,340141.99,316171.73
117,2024-04,20,313351.36,286291.02
117,2024-05,15,228172.96,213283.36000000002
117,2024-06,16,350377.48,324142.17
117,2024-07,24,440075.46,408923.41
117,2024-08,18,318370.78,297120.62
117,2024-09,17,349751.06,323821.76
117,2024-10,19,347616.76,320013.2
117,2024-11,26,325099.54,304018.0
118,2023-08,21,341442.19,312293.25
118,2023-09,21,380447.01,357781.72000000003
118,2023-10,17,268208.97000000003,247000.67
118,2023-11,32,486114.72,448415.60000000003
118,2023-12,22,404503.24,378029.46
118,2024-01,14,381409.51,359031.14
118,2024-02,20,393303.72000000003,365301.59
118,2024-03,25,476624.43,442467.54
118,2024-04,26,530578.89,491014.36
118,2024-05,25,400465.73,373548.74
118,2024-06,21,377417.72,353088.11
118,2024-07,16,306545.78,286600.83
118,2024-08,20,370168.56,342743.06
118,2024-09,21,346908.71,319832.33
118,2024-10,23,375337.26,348273.15
118,2024-11,18,340123.7,315804.67
119,2023-08,27,379065.76,351138.5
119,2023-09,16,241326.43,223602.25
119,2023-10,17,246583.18,229124.56
119,2023-11,31,477853.47,448662.55
119,2023-12,25,435937.51,406658.29000000004
119,2024-01,22,381468.47,354203.99
119,2024-02,19,258607.1,241934.71000000002
119,2024-03,29,494669.4,453663.39
119,2024-04,29,421767.54,391050.5
119,2024-05,26,385860.23,359621.38
119,2024-06,26,325844.95999999996,300977.23
119,2024-07,23,318340.16000000003,291472.69
119,2024-08,27,493338.81,453573.18
119,2024-09,18,337389.02,308424.6
119,2024-10,25,515083.68,477921.53
119,2024-11,22,394925.96,367605.14
12,2023-08,64,1094327.02,1009125.37
12,2023-09,70,1320982.27,1216282.29
12,2023-10,60,848899.14,784252.05
12,2023-11,67,1046655.74,962695.85
12,2023-12,58,956035.02,892230.98
12,2024-01,71,1134858.95,1050504.63
12,2024-02,72,1514434.29,1403774.53
12,2024-03,65,1202957.25,1106845.9
12,2024-04,73,1303765.45,1202015.67
12,2024-05,67,1014984.23,935869.5
12,2024-06,62,1043154.03,955550.52
12,2024-07,64,928630.12,852542.38
12,2024-08,63,1104111.45,1022116.9099999999
12,2024-09,68,1158926.49,1072220.34
12,2024-10,67,1078573.92,1012748.79
12,2024-11,57,865625.97,792246.35
120,2023-08,24,362453.83,339011.17
120,2023-09,21,267187.87,250361.13
120,2023-10,27,356958.97000000003,331408.94
120,2023-11,30,510881.53,476445.1
120,2023-12,23,393944.18,364721.44
120,2024-01,19,223465.96,205170.34
120,2024-02,14,201950.65,187055.16
120,2024-03,29,498472.67,460881.39999999997
120,2024-04,28,497811.54,459427.17
120,2024-05,22,354083.46,325388.15
120,2024-06,27,617384.72,572957.8
120,2024-07,21,367262.36,337989.72000000003
120,2024-08,24,439877.52999999997,400888.91
120,2024-09,17,346790.5,320879.7
120,2024-10,18,325300.16000000003,296040.88
120,2024-11,20,304466.18,280258.58
13,2023-08,53,928499.21,689678.91
13,2023-09,67,1102946.06,799271.75
13,2023-10,74,1263120.67,973608.73
13,2023-11,66,1002990.3,757030.66
13,2023-12,65,1126692.44,883912.79
13,2024-01,73,1426497.79,1127573.74
13,2024-02,62,1096084.95,846337.33
13,2024-03,63,841803.86,638077.37
13,2024-04,59,1051961.04,814525.56
13,2024-05,58,1092842.7,857128.28
13,2024-06,59,978875.91,748181.63
13,2024-07,61,1330586.0,1022654.6
13,2024-08,70,1197044.71,907220.26
13,2024-09,79,1603318.25,1269724.77
13,2024-10,71,1201909.65,911218.74
13,2024-11,57,971989.21,725439.1900000001
14,2023-08,74,1234567.96,1144570.97
14,2023-09,62,1025546.98,945113.35
14,2023-10,60,1045772.75,960187.14
14,2023-11,60,1179564.2,1081102.06
14,2023-12,84,1545856.27,1428507.14
14,2024-01,78,1275914.06,1193363.15
14,2024-02,66,1116933.26,1023968.61
14,2024-03,49,712406.79,656205.72
14,2024-04,67,1282004.09,1185451.05
14,2024-05,60,1009871.95,933997.5
14,2024-06,71,1125659.23,1043039.96
14,2024-07,75,1313114.09,1218303.7
14,2024-08,57,939967.43,868720.2000000001
14,2024-09,73,1414478.07,1313161.43
14,2024-10,64,1216353.85,1127164.64
14,2024-11,76,1216981.64,1120189.75
15,2023-08,80,1358598.97,1246749.85
15,2023-09,62,1320308.61,1221428.85
15,2023-10,61,1025324.41,948070.73
15,2023-11,84,1448169.01,1341349.3
15,2023-12,58,1085790.32,1000710.74
15,2024-01,68,1292271.1,1192312.95
15,2024-02,77,1160836.5,1067242.15
15,2024-03,72,1494817.02,1381302.7
15,2024-04,68,1467012.42,1354347.3699999999
15,2024-05,62,866882.52,796723.18
15,2024-06,73,1348744.27,1252612.6300000001
15,2024-07,52,918848.6,851426.17
15,2024-08,63,1125161.67,1040891.71
15,2024-09,69,1311721.1199999999,1212567.81
15,2024-10,65,1086558.21,1004733.3
15,2024-11,74,1225921.96,1129152.52
16,2023-08,67,1277272.59,1188631.15
16,2023-09,67,1115448.97,1033101.89
16,2023-10,56,930668.92,861329.81
16,2023-11,62,1083730.1,1006612.29
16,2023-12,69,1092322.57,999518.21
16,2024-01,67,1199678.44,1107751.87
16,2024-02,52,973700.94,909823.42
16,2024-03,62,1124898.02,1039503.37
16,2024-04,61,1172122.16,1086689.14
16,2024-05,90,1579338.44,1456484.19
16,2024-06,53,942376.5700000001,875175.25
16,2024-07,74,1197333.04,1107906.36
16,2024-08,76,1438143.67,1328860.45
16,2024-09,69,1140083.28,1054770.21
16,2024-10,58,1108074.56,1022288.16
16,2024-11,65,1014610.65,935336.02
17,2023-08,68,1021002.04,943001.9
17,2023-09,62,905947.58,835121.57
17,2023-10,75,1276271.68,1177462.05
17,2023-11,71,1324039.15,1225250.02
17,2023-12,59,908164.76,836718.1799999999
17,2024-01,75,1270181.31,1180903.69
17,2024-02,59,1016006.46,932884.57
17,2024-03,60,1061560.24,980862.5399999999
17,2024-04,68,1226698.54,1132195.6199999999
17,2024-05,60,1085880.08,1009235.44
17,2024-06,67,1080941.39,1002817.19
17,2024-07,80,1257960.06,1161514.6
17,2024-08,50,841078.56,779956.23
17,2024-09,63,999977.4500000001,921651.0
17,2024-10,73,1533534.0,1416212.21
17,2024-11,62,993673.62,916516.82
18,2023-08,52,997796.39,926180.27
18,2023-09,72,1300877.8800000001,1201638.57
18,2023-10,65,1254326.27,1156431.26
18,2023-11,64,851402.5,788922.31
18,2023-12,56,765630.13,704550.88
18,2024-01,53,1102169.98,1023320.75
18,2024-02,52,739283.52,686498.19
18,2024-03,81,1544624.08,1427481.38
18,2024-04,74,1364104.95,1265188.97
18,2024-05,72,1129405.35,1040935.78
18,2024-06,81,1601503.69,1472575.05
18,2024-07,76,1250163.84,1155737.76
18,2024-08,63,1197405.86,1113784.24
18,2024-09,66,970917.0,892964.78
18,2024-10,66,1107057.94,1013718.3
18,2024-11,62,1086176.64,1005848.26
19,2023-08,80,1328549.6,1228762.44
19,2023-09,70,1073560.28,984948.75
19,2023-10,78,1342719.82,1241212.3
19,2023-11,72,1223254.94,1129637.54
19,2023-12,72,1203151.34,1116681.69
19,2024-01,70,1218491.65,1120116.99
19,2024-02,83,1181505.81,1091229.82
19,2024-03,90,1635542.53,1511364.65
19,2024-04,74,1279583.3,1181826.29
19,2024-05,56,859722.56,791382.75
19,2024-06,84,1428950.48,1313447.18
19,2024-07,79,1344886.26,1244064.12
19,2024-08,80,1551071.47,1430914.73
19,2024-09,75,1578604.34,1451786.12
19,2024-10,73,1297771.83,1205485.44
19,2024-11,69,1053333.46,969247.08
2,2023-08,71,1360660.29,1256397.59
2,2023-09,53,876811.55,809043.01
2,2023-10,73,1350012.82,1252747.62
2,2023-11,66,1142711.6199999999,1045896.99
2,2023-12,72,1132804.66,1055728.4
2,2024-01,69,1138361.67,1057118.74
2,2024-02,74,1163277.55,1076685.76
2,2024-03,63,1273850.07,1178774.6199999999
2,2024-04,45,853237.51,792137.6699999999
2,2024-05,68,992681.28,916629.96
2,2024-06,62,1091246.82,1008979.95
2,2024-07,67,1304910.93,1208511.41
2,2024-08,77,1103639.3699999999,1022720.79
2,2024-09,69,1158937.59,1074870.54
2,2024-10,58,990147.43,923196.13
2,2024-11,70,1247046.82,1148319.53
20,2023-08,84,1438131.0,1330242.88
20,2023-09,67,1299370.3,1209542.62
20,2023-10,62,919675.91,850680.46
20,2023-11,51,757378.41,699824.85
20,2023-12,71,1324403.91,1222696.36
20,2024-01,61,1089257.3699999999,1008671.9299999999
20,2024-02,79,1559980.26,1452159.63
20,2024-03,88,1723324.1300000001,1591425.72
20,2024-04,57,990420.22,915585.19
20,2024-05,63,1003142.72,927925.36
20,2024-06,53,1003707.22,934945.27
20,2024-07,58,1000458.76,930601.16
20,2024-08,57,1203756.94,1113486.43
20,2024-09,66,1210123.6199999999,1117739.75
20,2024-10,74,1269183.18,1180661.7
20,2024-11,57,834779.3,776049.6900000001
21,2023-08,67,1149432.9,1060945.76
21,2023-09,64,1053765.94,969091.24
21,2023-10,54,866000.64,799233.19
21,2023-11,79,1458030.1,1351577.32
21,2023-12,69,1318880.61,1215157.8
21,2024-01,70,1293769.25,1192222.42
21,2024-02,65,1141970.58,1060240.18
21,2024-03,73,1140377.97,1048704.4
21,2024-04,60,1101667.95,1014507.63
21,2024-05,67,1286094.0,1189314.02
21,2024-06,68,1211240.6099999999,1127741.61
21,2024-07,80,1391383.52,1277712.2
21,2024-08,68,1272720.95,1181995.64
21,2024-09,67,1151972.62,1052424.03
21,2024-10,68,1177722.5,1094167.17
21,2024-11,59,1126016.75,1035064.33
22,2023-08,71,1240846.75,1142894.78
22,2023-09,77,1348135.2,1250426.09
22,2023-10,55,982997.4299999999,901917.34
22,2023-11,52,907943.73,843396.69
22,2023-12,55,1093135.88,1006571.97
22,2024-01,63,991948.94,917906.93
22,2024-02,54,920210.77,848035.4
22,2024-03,67,1136934.65,1046138.28
22,2024-04,56,670373.5,614125.7
22,2024-05,73,1189989.59,1099177.02
22,2024-06,54,868841.77,801583.73
22,2024-07,59,1140682.45,1062457.1400000001
22,2024-08,66,1255349.54,1157735.62
22,2024-09,54,938907.53,873875.52
22,2024-10,88,1740976.2,1608464.05
22,2024-11,61,951737.71,886196.16
23,2023-08,73,1204790.8,1110197.03
23,2023-09,56,724224.34,665308.58
23,2023-10,65,1245318.63,1159616.84
23,2023-11,71,955605.53,882766.75
23,2023-12,70,1326704.67,1227443.55
23,2024-01,85,1616929.67,1499592.98
23,2024-02,65,1183965.01,1095781.63
23,2024-03,66,1165927.91,1076852.52
23,2024-04,57,1027538.51,945957.91
23,2024-05,60,1051292.04,958468.01
23,2024-06,64,1111534.22,1014939.58
23,2024-07,74,1264465.92,1171199.71
23,2024-08,62,955187.38,885977.7
23,2024-09,76,1474773.57,1354618.8599999999
23,2024-10,73,1172227.96,1088397.25
23,2024-11,66,1259854.26,1159096.42
24,2023-08,59,1160744.94,1078252.84
24,2023-09,74,1207655.98,1107112.58
24,2023-10,76,1439425.77,1333396.3
24,2023-11,65,1241581.12,1154986.32
24,2023-12,80,1325547.56,1227225.8
24,2024-01,71,1153863.27,1064224.81
24,2024-02,74,1373867.07,1279181.57
24,2024-03,64,1082513.96,1005650.22
24,2024-04,72,1211738.79,1124129.4
24,2024-05,65,1204410.88,1111552.84
24,2024-06,72,1256150.37,1169054.95
24,2024-07,65,947602.03,868867.88
24,2024-08,63,1127057.24,1039598.75
24,2024-09,83,1471350.68,1369917.25
24,2024-10,86,1557275.02,1445188.3
24,2024-11,54,982790.59,910973.11
25,2023-08,23,383041.77,356942.46
25,2023-09,26,504007.87,467791.33
25,2023-10,25,422632.31,388536.89
25,2023-11,24,359502.1,330484.45999999996
25,2023-12,26,445211.04,413832.45
25,2024-01,17,270954.52,254822.96
25,2024-02,21,403458.42,371326.75
25,2024-03,26,494636.3,456218.88
25,2024-04,28,563494.92,521831.19
25,2024-05,27,582205.76,533253.49
25,2024-06,19,314179.35,291409.19
25,2024-07,30,449227.88,412927.63
25,2024-08,24,404216.0,373486.02
25,2024-09,23,334408.26,308911.52
25,2024-10,31,586357.9,543428.22
25,2024-11,25,469441.07,429620.85
26,2023-08,26,320532.15,295218.38
26,2023-09,25,480546.41000000003,452485.37
26,2023-10,22,398041.59,369204.48
26,2023-11,30,547033.39,510215.5
26,2023-12,26,505432.91,467152.73
26,2024-01,18,318720.72,294208.92
26,2024-02,24,347287.92000000004,319224.16000000003
26,2024-03,22,383251.27,350927.51
26,2024-04,17,230746.6,214281.40000000002
26,2024-05,26,442663.01999999996,406498.49
26,2024-06,16,306465.44,287655.35
26,2024-07,18,358152.52,333408.07
26,2024-08,26,403924.63,375996.47000000003
26,2024-09,20,346848.77,323758.19
26,2024-10,18,272597.26,254284.63999999998
26,2024-11,11,235783.6,218320.98
27,2023-08,22,251532.21,231367.88
27,2023-09,15,190062.63,178094.07
27,2023-10,26,484598.37,446761.44
27,2023-11,18,373664.4,347190.91000000003
27,2023-12,25,412898.7,378373.42
27,2024-01,22,381830.68,351605.43
27,2024-02,12,199368.16999999998,183825.68999999997
27,2024-03,17,201928.01,184816.02000000002
27,2024-04,16,339233.33,316575.22
27,2024-05,24,417934.83,383521.76
27,2024-06,19,365142.38,338454.89
27,2024-07,18,209558.38,191535.64
27,2024-08,15,226183.64,209128.22999999998
27,2024-09,16,278470.52999999997,261974.0
27,2024-10,21,327040.21,297756.41
27,2024-11,23,478523.64,434345.10000000003
28,2023-08,22,349150.67,321605.74
28,2023-09,17,243935.14,227642.31
28,2023-10,25,423687.64,391317.11
28,2023-11,18,210999.5,194908.49
28,2023-12,23,351463.63,322514.31
28,2024-01,18,359505.47,330717.11
28,2024-02,31,536428.96,490946.26
28,2024-03,19,431940.69,395247.06
28,2024-04,30,555357.27,517912.79
28,2024-05,23,398582.08,369305.93
28,2024-06,22,400267.3,367736.38
28,2024-07,20,314718.33,291079.9
28,2024-08,17,243445.66,224430.65
28,2024-09,17,258522.96,239594.55
28,2024-10,26,389828.96,359807.75
28,2024-11,22,384599.47,359768.64
29,2023-08,22,347038.33,320355.34
29,2023-09,24,357813.92000000004,330400.99
29,2023-10,20,301364.72,276851.87
29,2023-11,18,371228.21,345149.69
29,2023-12,29,396263.39,365516.57
29,2024-01,20,270171.85,249232.28
29,2024-02,27,483743.70999999996,447847.12
29,2024-03,15,226054.62,208817.51
29,2024-04,21,347043.91,320601.54
29,2024-05,24,454355.1,415660.82
29,2024-06,20,477751.58999999997,446396.56
29,2024-07,27,338125.95,308735.71
29,2024-08,18,327189.62,300256.31
29,2024-09,17,251032.37,229373.89
29,2024-10,27,503236.69,465547.78
29,2024-11,21,366699.73,338257.75
3,2023-08,66,1167315.36,1081162.14
3,2023-09,74,1454291.09,1341024.9
3,2023-10,61,1024078.78,951100.97
3,2023-11,66,1199300.21,1115595.6
3,2023-12,70,1169826.8699999999,1074282.8699999999
3,2024-01,72,1332327.99,1227217.1199999999
3,2024-02,54,849526.26,782637.04
3,2024-03,78,1284769.02,1187285.14
3,2024-04,61,979609.86,906146.28
3,2024-05,78,1583369.43,1457073.25
3,2024-06,70,1227180.45,1134001.8599999999
3,2024-07,75,1240622.96,1148684.48
3,2024-08,62,1055242.17,974978.67
3,2024-09,67,1109514.96,1021576.38
3,2024-10,60,1088207.98,1005378.79
3,2024-11,67,1123261.59,1046645.86
30,2023-08,24,408935.19,376711.08999999997
30,2023-09,19,341160.45,313941.72
30,2023-10,20,278514.75,255747.76
30,2023-11,26,329765.74,299872.04
30,2023-12,29,473696.91,443514.43
30,2024-01,24,302680.42,274746.3
30,2024-02,15,372835.74,345700.04
30,2024-03,31,520068.47,482861.88
30,2024-04,25,355913.91000000003,329610.17
30,2024-05,20,414225.36,384676.94
30,2024-06,27,433675.18,405379.33999999997
30,2024-07,24,349669.59,324313.59
30,2024-08,13,240514.47,220031.38999999998
30,2024-09,19,324500.15,299658.8
30,2024-10,20,381449.82,357886.2
30,2024-11,28,413191.51,378126.91
31,2023-08,20,288896.52,266408.68
31,2023-09,23,460130.21,424462.9
31,2023-10,22,429398.56,397084.33999999997
31,2023-11,22,435626.18,399765.22000000003
31,2023-12,20,369423.65,336867.31
31,2024-01,21,270523.19,248965.32
31,2024-02,26,472124.94,431724.9
31,2024-03,24,373158.75,347694.04000000004
31,2024-04,25,427387.0,394709.02
31,2024-05,25,497507.13,462661.64
31,2024-06,20,274527.41,255811.17
31,2024-07,23,365951.7,340790.25
31,2024-08,24,473246.57,437655.27
31,2024-09,22,338227.86,308016.23
31,2024-10,18,360223.13,332340.81
31,2024-11,17,341004.38,316528.34
32,2023-08,23,385941.18,362312.83
32,2023-09,17,345549.91000000003,322799.89
32,2023-10,17,237977.30000000002,219406.09
32,2023-11,21,432380.99,402318.02
32,2023-12,20,366687.42,332424.67
32,2024-01,23,405197.32,369488.72
32,2024-02,34,544851.81,507018.53
32,2024-03,23,386687.91000000003,355535.27
32,2024-04,18,248157.46000000002,229858.64
32,2024-05,25,499009.17,458252.82999999996
32,2024-06,21,403505.02,376169.73
32,2024-07,26,513568.0,472123.33
32,2024-08,26,485159.07,446465.19
32,2024-09,29,609842.12,559273.86
32,2024-10,17,286632.3,264343.88
32,2024-11,25,443010.23,409385.14
33,2023-08,23,385420.52,360615.65
33,2023-09,16,269618.07,250969.86
33,2023-10,20,349510.41,322029.85
33,2023-11,21,363339.51,334725.65
33,2023-12,28,559738.72,515159.8
33,2024-01,21,356500.86,330560.42
33,2024-02,25,393597.45999999996,366771.82
33,2024-03,20,294655.67,274019.49
33,2024-04,22,417143.69,385856.09
33,2024-05,22,428211.9,393260.57
33,2024-06,27,432265.74,397713.61000000004
33,2024-07,22,384819.57,358951.85
33,2024-08,30,555237.23,514173.93
33,2024-09,24,392560.53,369158.02
33,2024-10,25,341304.95,315758.52
33,2024-11,19,363081.98,337067.91000000003
34,2023-08,23,339341.75,315589.25
34,2023-09,18,243310.55,226268.61000000002
34,2023-10,21,383093.82,356572.87
34,2023-11,17,254589.25,236912.35
34,2023-12,18,249203.96,231945.58
34,2024-01,19,302490.45,279604.95
34,2024-02,27,331679.51999999996,306489.02
34,2024-03,28,456567.68,418595.24
34,2024-04,25,539581.22,500457.76
34,2024-05,23,359956.45999999996,335003.01
34,2024-06,11,246223.52,228559.56
34,2024-07,26,366177.07,338807.95999999996
34,2024-08,24,432695.81,403779.86
34,2024-09,25,391633.83,359859.42
34,2024-10,23,427983.58,397081.5
34,2024-11,32,554104.06,514746.11
35,2023-08,21,356451.92,331260.70999999996
35,2023-09,21,340886.86,311596.75
35,2023-10,26,528758.04,495663.63
35,2023-11,20,434157.12,400027.51
35,2023-12,21,453937.31,424407.95
35,2024-01,24,401189.24,364217.73
35,2024-02,28,581240.4099999999,539139.85
35,2024-03,27,531526.85,496176.36
35,2024-04,18,266621.93,246696.43
35,2024-05,22,300603.83,278829.71
35,2024-06,18,320313.27,293084.79
35,2024-07,24,483362.81,445150.63
35,2024-08,12,189103.68,172765.91
35,2024-09,23,473408.67,436713.24
35,2024-10,21,433177.13,402808.83
35,2024-11,23,396624.45,366231.17
36,2023-08,23,335487.86,310165.61
36,2023-09,23,352980.46,327916.03
36,2023-10,25,367855.71,341547.26
36,2023-11,24,518251.33,474158.02999999997
36,2023-12,19,430517.93,398753.94
36,2024-01,23,381867.3,350927.63
36,2024-02,23,353412.52,335443.87
36,2024-03,18,226444.66999999998,207554.69
36,2024-04,20,315876.43,288748.97
36,2024-05,19,351211.64,328773.7
36,2024-06,27,445795.22,411288.86
36,2024-07,24,305693.69,285319.93
36,2024-08,24,436457.37,401374.85
36,2024-09,21,353515.13,326604.75
36,2024-10,22,280984.05,258087.14
36,2024-11,18,364410.92,334668.74
37,2023-08,24,375588.55,350131.98
37,2023-09,20,381143.25,357783.35
37,2023-10,25,508617.6,473281.66
37,2023-11,28,444516.48,410319.85
37,2023-12,34,589725.18,543452.94
37,2024-01,24,408967.57,376049.93
37,2024-02,20,386756.01,360346.53
37,2024-03,11,135549.33,128711.58
37,2024-04,19,339349.83,309274.22000000003
37,2024-05,18,236565.17,221048.63999999998
37,2024-06,28,435823.12,403457.51
37,2024-07,25,474307.41000000003,441571.53
37,2024-08,19,250690.95,230976.16999999998
37,2024-09,28,474340.43,430995.34
37,2024-10,27,389072.95,358730.12
37,2024-11,26,376674.55,347676.04
38,2023-08,22,426380.21,392384.29000000004
38,2023-09,28,430980.39,395565.06
38,2023-10,15,218051.71,204487.53
38,2023-11,19,277185.59,252481.65
38,2023-12,30,445837.1,408447.01
38,2024-01,21,406290.53,373612.97
38,2024-02,25,414250.92,384723.34
38,2024-03,13,258063.38,245125.86000000002
38,2024-04,13,242754.83,224946.72
38,2024-05,25,535666.25,495591.4
38,2024-06,28,603044.72,557160.8200000001
38,2024-07,23,356885.39,329496.76
38,2024-08,33,578978.2,530798.17
38,2024-09,20,359678.17,334176.2
38,2024-10,24,485592.83999999997,451463.97000000003
38,2024-11,21,383958.04,351525.23
39,2023-08,16,300787.64,273594.14999999997
39,2023-09,18,289305.58999999997,264868.02
39,2023-10,28,532751.0,494808.38999999996
39,2023-11,24,429667.08,399297.74
39,2023-12,31,667668.95,616811.5599999999
39,2024-01,30,572334.97,527251.84
39,2024-02,26,512049.69,475981.82
39,2024-03,24,496878.22000000003,457731.01
39,2024-04,18,215127.75,199397.43
39,2024-05,22,382943.52999999997,348772.32
39,2024-06,20,319179.83999999997,299470.94
39,2024-07,20,398473.07999999996,371954.51
39,2024-08,22,318466.54000000004,294210.65
39,2024-09,22,408274.07,373842.16
39,2024-10,21,366556.98,339032.4
39,2024-11,23,387106.96,357105.07
4,2023-08,56,969962.38,900289.98
4,2023-09,58,906697.16,836857.11
4,2023-10,76,1145053.67,1052299.27
4,2023-11,57,1180700.15,1086132.6
4,2023-12,66,995129.4400000001,928945.7000000001
4,2024-01,58,969424.04,899523.54
4,2024-02,67,1159069.8699999999,1081787.74
4,2024-03,65,1228427.64,1141314.87
4,2024-04,50,820969.15,762531.36
4,2024-05,79,1420222.15,1314868.3
4,2024-06,68,1119692.51,1039524.52
4,2024-07,76,1286597.35,1194319.57
4,2024-08,67,1194340.71,1102972.21
4,2024-09,67,1171684.46,1080576.43
4,2024-10,72,1303657.76,1206022.9
4,2024-11,64,1272050.15,1181404.65
40,2023-08,27,456179.54,423361.83
40,2023-09,27,379236.06,348247.9
40,2023-10,23,330399.2,307684.19
40,2023-11,23,333272.79,311242.96
40,2023-12,15,205578.5,187652.66
40,2024-01,15,215615.65,200035.2
40,2024-02,27,371702.19,345748.85
40,2024-03,22,375728.1,342278.44
40,2024-04,18,371344.79,340291.88
40,2024-05,29,426896.39,398766.51999999996
40,2024-06,16,372343.16,346592.62
40,2024-07,19,383893.8,355458.99
40,2024-08,14,362964.65,336057.54
40,2024-09,28,444702.27,415342.24
40,2024-10,27,539581.09,493666.11
40,2024-11,26,504328.0,460474.39999999997
41,2023-08,25,369471.03,340898.4
41,2023-09,24,430342.66000000003,397657.36
41,2023-10,22,370355.08999999997,343151.39
41,2023-11,24,370092.83,338119.28
41,2023-12,27,509294.16,471793.14
41,2024-01,23,456536.86,420654.27
41,2024-02,21,361270.89,336062.73
41,2024-03,25,503160.5,460677.55
41,2024-04,19,336698.05,312948.06
41,2024-05,21,329398.14,304566.65
41,2024-06,17,233816.29,216071.69
41,2024-07,22,392594.48,359198.67
41,2024-08,24,399942.33,367470.10000000003
41,2024-09,22,353142.47000000003,326369.97
41,2024-10,14,285982.44,267357.95
41,2024-11,21,348399.18,319554.38
42,2023-08,23,580948.8,539738.3200000001
42,2023-09,27,430823.27,399068.25
42,2023-10,19,362743.12,338346.24
42,2023-11,34,497950.35,465068.73
42,2023-12,24,507998.01999999996,471548.14
42,2024-01,28,537693.6699999999,501133.26999999996
42,2024-02,23,365309.27,341586.96
42,2024-03,28,514623.89,481287.4
42,2024-04,23,370769.72,349815.32
42,2024-05,28,512770.12,475978.69
42,2024-06,29,563223.73,523754.32
42,2024-07,31,547208.92,505090.8
42,2024-08,22,361996.2,338246.66000000003
42,2024-09,20,397173.0,371219.38
42,2024-10,28,437469.38,411124.08
42,2024-11,19,213620.44,194567.72
43,2023-08,12,191839.84,175871.18
43,2023-09,16,230338.34,214259.81
43,2023-10,27,522457.48,487082.13
43,2023-11,25,421126.21,386315.25
43,2023-12,19,284254.82,260097.13
43,2024-01,22,299441.86,278237.72
43,2024-02,18,391959.31,359587.11000000004
43,2024-03,34,556364.9,515370.9
43,2024-04,25,410393.29,377907.35000000003
43,2024-05,25,393582.96,359594.83
43,2024-06,26,491832.52,453145.76
43,2024-07,20,238779.94,219958.35
43,2024-08,20,362103.48,331318.39
43,2024-09,21,388429.47,357152.64
43,2024-10,22,365083.23,342367.23
43,2024-11,22,376391.79,347880.44
44,2023-08,32,645498.15,595419.73
44,2023-09,20,300009.32,276931.67
44,2023-10,12,262738.47000000003,246556.44
44,2023-11,19,259042.74,242089.94999999998
44,2023-12,33,446211.77,412576.23
44,2024-01,25,377261.16,347445.84
44,2024-02,18,387085.15,363013.52
44,2024-03,30,464278.4,429548.67
44,2024-04,15,213759.55,200055.12
44,2024-05,24,353707.37,325795.5
44,2024-06,21,456143.95,420707.45
44,2024-07,28,488297.62,445479.73
44,2024-08,17,273429.07,251859.26
44,2024-09,17,275441.85,254279.13999999998
44,2024-10,20,356822.1,330895.68
44,2024-11,16,238488.53,221707.84
45,2023-08,15,295893.53,218634.21000000002
45,2023-09,30,425006.17,318944.3
45,2023-10,26,449415.67,325560.66000000003
45,2023-11,28,460299.78,339514.08999999997
45,2023-12,29,508074.71,412110.43
45,2024-01,23,404465.5,324513.67
45,2024-02,20,384086.94,279154.07
45,2024-03,25,468391.61,333192.29000000004
45,2024-04,21,398148.43,299847.73
45,2024-05,19,334545.92,254676.14
45,2024-06,25,306574.99,232445.05
45,2024-07,22,395187.83999999997,328349.65
45,2024-08,20,402447.28,312211.91000000003
45,2024-09,21,389264.76,289695.89
45,2024-10,20,295477.62,222846.31
45,2024-11,15,238175.83000000002,172261.09
46,2023-08,21,409278.32,374776.32
46,2023-09,21,319448.09,296568.14
46,2023-10,21,329409.75,305949.68
46,2023-11,18,348697.66,321694.11
46,2023-12,24,356712.49,332825.84
46,2024-01,21,427987.33,394970.75
46,2024-02,29,548898.28,514684.44
46,2024-03,26,375796.93,347846.77999999997
46,2024-04,20,329904.79,309775.27999999997
46,2024-05,27,403716.05,373795.1
46,2024-06,16,301309.67,277832.3
46,2024-07,20,304077.15,276025.17
46,2024-08,15,250289.16,231594.51
46,2024-09,31,555550.52,515699.76
46,2024-10,30,550872.23,506507.73
46,2024-11,24,446293.89,416954.88
47,2023-08,21,286720.25,266212.17
47,2023-09,19,329709.87,306114.62
47,2023-10,20,361662.72,333230.54
47,2023-11,25,478459.96,439613.0
47,2023-12,18,324334.94,301722.8
47,2024-01,21,364451.59,335261.64
47,2024-02,17,242955.31,228835.91
47,2024-03,25,457966.87,423046.77
47,2024-04,22,475658.87,436380.93
47,2024-05,25,496320.68,460703.02
47,2024-06,17,320504.25,297267.4
47,2024-07,29,356740.44,332395.34
47,2024-08,21,413715.7,383267.33
47,2024-09,32,636190.28,590506.92
47,2024-10,28,622795.3300000001,575527.78
47,2024-11,15,284494.31,261285.16
48,2023-08,20,337299.3,313155.76999999996
48,2023-09,14,232764.06,217070.37
48,2023-10,21,286532.69,262220.44
48,2023-11,20,419734.69,387209.37
48,2023-12,18,319009.46,297791.12
48,2024-01,28,465598.65,426861.06
48,2024-02,18,263355.69,246733.81
48,2024-03,22,414429.57999999996,384227.96
48,2024-04,20,327430.02,304903.46
48,2024-05,25,540170.86,503253.5
48,2024-06,25,399065.11,369291.53
48,2024-07,30,626675.69,581722.47
48,2024-08,14,247642.07,229270.40000000002
48,2024-09,25,505205.79,466865.46
48,2024-10,30,584816.38,545443.08
48,2024-11,17,315142.84,290720.06
49,2023-08,22,427220.27,394013.8
49,2023-09,14,190128.54,177004.9
49,2023-10,26,538753.18,495677.62
49,2023-11,17,271793.99,251302.8
49,2023-12,24,363284.83,334084.79000000004
49,2024-01,27,421141.43,391758.84
49,2024-02,24,331326.62,309672.77
49,2024-03,16,306819.83,286759.42
49,2024-04,27,367258.33999999997,341055.06
49,2024-05,21,433952.73,396949.25
49,2024-06,24,414372.17,381089.39
49,2024-07,24,519098.14999999997,483171.47
49,2024-08,17,318149.73,297218.87
49,2024-09,25,434881.3,403449.57
49,2024-10,16,264721.63,242392.31999999998
49,2024-11,31,502566.47,467378.99
5,2023-08,75,1215043.35,1128094.26
5,2023-09,77,1274700.64,1175734.53
5,2023-10,63,1217188.04,1125939.39
5,2023-11,60,1013235.39,934347.3
5,2023-12,66,1087327.6,1002187.17
5,2024-01,56,997628.74,927381.23
5,2024-02,54,1100652.98,1019631.71
5,2024-03,72,1286848.45,1193301.86
5,2024-04,70,1202830.97,1117588.96
5,2024-05,59,1028375.01,954434.19
5,2024-06,66,1238675.77,1148318.57
5,2024-07,63,956849.88,893203.05
5,2024-08,65,995409.13,916145.72
5,2024-09,65,1191084.2,1102884.02
5,2024-10,65,1180750.96,1085088.0
5,2024-11,83,1375633.24,1268243.61
50,2023-08,20,319636.75,297769.36
50,2023-09,22,305659.68,282532.94
50,2023-10,19,299914.9,278223.15
50,2023-11,18,370409.57,344500.27999999997
50,2023-12,19,308052.29,286501.66000000003
50,2024-01,17,255067.78,237145.03
50,2024-02,20,315507.58999999997,293156.86
50,2024-03,23,325854.74,299317.29000000004
50,2024-04,26,484614.65,447275.02999999997
50,2024-05,18,257069.6,235724.23
50,2024-06,18,313167.95,294193.02
50,2024-07,24,507708.68,464918.6
50,2024-08,24,387962.13,357874.07
50,2024-09,19,316945.69,295863.8
50,2024-10,24,444983.01,408483.01
50,2024-11,20,257618.62,240578.18
51,2023-08,29,485780.61,449598.42
51,2023-09,21,273089.92,253671.71
51,2023-10,22,449138.93,418335.68
51,2023-11,21,380996.48,352186.87
51,2023-12,17,230353.16,215324.61000000002
51,2024-01,21,453944.57999999996,419005.04
51,2024-02,30,497819.34,461107.66000000003
51,2024-03,13,213373.28,197985.52
51,2024-04,23,307412.81,281817.62
51,2024-05,18,399740.93,371439.41000000003
51,2024-06,20,289882.18,266504.51
51,2024-07,28,351984.32999999996,325843.36
51,2024-08,24,351948.56,327905.44
51,2024-09,25,480338.17,445092.82
51,2024-10,26,444917.47,408465.32
51,2024-11,16,304330.35,281307.25
52,2023-08,23,373778.44,343488.16
52,2023-09,27,387409.48,359953.59
52,2023-10,25,387809.38,363131.16000000003
52,2023-11,22,413298.2,381066.17
52,2023-12,22,341351.49,314625.22
52,2024-01,23,410479.31,378314.21
52,2024-02,16,345486.35,319066.45999999996
52,2024-03,20,312952.31,290849.23
52,2024-04,21,282622.6,261328.37
52,2024-05,27,540005.11,501270.52
52,2024-06,21,370869.51,344237.18
52,2024-07,22,393445.7,364045.58
52,2024-08,31,629939.21,582052.4400000001
52,2024-09,16,232443.35,213583.5
52,2024-10,21,516057.32,480580.29000000004
52,2024-11,17,325984.76,301519.26
53,2023-08,23,428951.06,396048.13
53,2023-09,21,353930.22,324881.7
53,2023-10,33,719977.83,665588.07
53,2023-11,16,313458.52,295358.93
53,2023-12,16,206913.7,192365.26
53,2024-01,21,270556.85,246948.32
53,2024-02,18,321348.69,300649.44
53,2024-03,31,506910.65,466227.67
53,2024-04,22,350882.21,322680.1
53,2024-05,34,643272.42,589002.38
53,2024-06,20,244033.0,223534.01
53,2024-07,22,388094.53,355460.25
53,2024-08,19,319915.73,292717.5
53,2024-09,24,410883.72,377412.68
53,2024-10,16,272204.64,252335.02
53,2024-11,17,334020.01,307041.79
54,2023-08,16,250845.37,231798.48
54,2023-09,22,279562.97000000003,261185.04
54,2023-10,19,266778.69,245879.49000000002
54,2023-11,23,363054.16000000003,332935.31
54,2023-12,32,548046.01,506440.26
54,2024-01,15,188151.82,175723.38999999998
54,2024-02,18,217556.12,201405.08
54,2024-03,18,302229.74,280459.06
54,2024-04,12,241097.75,223393.07
54,2024-05,26,523522.77,483973.61
54,2024-06,22,432321.69,399502.72
54,2024-07,19,283581.31,264952.86
54,2024-08,26,404258.58,371061.35000000003
54,2024-09,20,445709.13,416354.44
54,2024-10,34,572751.2,533810.04
54,2024-11,24,434290.47000000003,405048.37
55,2023-08,26,479316.41000000003,379290.73
55,2023-09,31,616206.36,454992.17
55,2023-10,20,231612.78,156866.55
55,2023-11,18,310144.86,254005.04
55,2023-12,35,683943.68,531748.59
55,2024-01,24,393196.24,288942.46
55,2024-02,22,380716.88,309382.99
55,2024-03,28,419412.92,332523.76
55,2024-04,30,554998.71,423097.67
55,2024-05,19,315439.05,219834.79
55,2024-06,22,351785.61,264809.86
55,2024-07,27,524296.09,406493.92
55,2024-08,41,686867.77,554831.9
55,2024-09,23,363089.35,284371.52
55,2024-10,24,393466.63,281134.95
55,2024-11,19,334187.09,247036.23
56,2023-08,28,554310.75,512009.55
56,2023-09,17,302866.33,279910.45
56,2023-10,28,540056.51,504640.69
56,2023-11,30,612542.53,566354.64
56,2023-12,19,329843.07,303044.74
56,2024-01,26,363896.51,336534.42
56,2024-02,28,406748.53,377181.13
56,2024-03,22,412681.70999999996,378375.04
56,2024-04,20,307757.08,283226.07
56,2024-05,34,677512.01,629851.79
56,2024-06,21,345506.39,318723.71
56,2024-07,17,264225.28,242769.18
56,2024-08,22,333706.68,311194.75
56,2024-09,23,479336.01,440476.17
56,2024-10,16,317502.64,292743.39
56,2024-11,19,370182.81,342693.91000000003
57,2023-08,22,400512.86,371776.17
57,2023-09,31,583074.87,538792.53
57,2023-10,22,463001.12,430486.93
57,2023-11,26,494494.34,463057.57
57,2023-12,15,294113.88,274826.17
57,2024-01,22,256824.87,237568.58
57,2024-02,19,336339.67,309473.84
57,2024-03,21,297493.57,273292.1
57,2024-04,27,429399.11,398440.94
57,2024-05,21,369720.7,343583.68
57,2024-06,20,394968.54,363906.85
57,2024-07,29,436706.31,400880.77
57,2024-08,23,398381.76,363797.82
57,2024-09,27,469404.85,439583.56
57,2024-10,19,337691.60000000003,315450.19
57,2024-11,23,306417.82,289244.91
58,2023-08,22,367438.6,342969.86
58,2023-09,26,340489.12,318921.51
58,2023-10,17,316340.11,293215.0
58,2023-11,23,356111.65,330142.05
58,2023-12,19,308797.52,287793.55
58,2024-01,25,473425.82,440846.52
58,2024-02,20,320660.57,302345.05
58,2024-03,28,561540.83,524690.8099999999
58,2024-04,27,575003.55,528254.51
58,2024-05,27,460546.46,425876.54
58,2024-06,18,288160.42,268506.56
58,2024-07,20,441577.45,412110.44
58,2024-08,29,508043.34,473450.26
58,2024-09,26,424207.99,388655.06
58,2024-10,20,457877.17,421032.7
58,2024-11,15,267102.09,246243.31
59,2023-08,14,233153.84,216709.46
59,2023-09,24,382515.19,352281.64
59,2023-10,33,551198.21,508522.4
59,2023-11,19,387806.62,352373.23
59,2023-12,17,336576.03,311658.33999999997
59,2024-01,23,282106.81,261353.44
59,2024-02,15,215761.02000000002,198349.74
59,2024-03,20,318245.76,292849.42
59,2024-04,13,242925.31,226718.36
59,2024-05,25,475358.15,440644.84
59,2024-06,18,321996.84,292563.48
59,2024-07,18,252227.47999999998,234414.94999999998
59,2024-08,20,357622.51,330230.01
59,2024-09,23,378889.59,352793.32
59,2024-10,27,517217.51,475906.27
59,2024-11,20,269539.48,249996.24
6,2023-08,69,1272985.54,1173472.16
6,2023-09,80,1362574.61,1255198.32
6,2023-10,71,1239383.66,1144115.39
6,2023-11,66,1048528.27,974890.47
6,2023-12,79,1300708.8,1196680.95
6,2024-01,63,1107578.04,1021199.41
6,2024-02,64,1234310.77,1136491.77
6,2024-03,63,1086965.1,1013946.58
6,2024-04,69,1074105.6300000001,988980.74
6,2024-05,59,1080285.51,998831.11
6,2024-06,80,1469564.0,1362514.58
6,2024-07,66,918568.35,844023.2999999999
6,2024-08,86,1432349.3,1331542.93
6,2024-09,74,1284716.29,1187961.0
6,2024-10,63,1121141.65,1041832.05
6,2024-11,61,962837.16,894371.5900000001
60,2023-08,10,249792.14,227133.59
60,2023-09,32,479537.60000000003,450110.04
60,2023-10,20,338348.68,312506.17
60,2023-11,29,448999.73,415187.42000000004
60,2023-12,23,449007.23,414991.15
60,2024-01,22,315169.57,290617.26
60,2024-02,14,263512.84,244343.02000000002
60,2024-03,19,317974.17,294695.48000000004
60,2024-04,19,366064.43,340908.27
60,2024-05,30,628553.33,576040.27
60,2024-06,21,291526.48,269620.72
60,2024-07,21,358981.04,330395.63
60,2024-08,17,255180.36,234620.86
60,2024-09,15,326992.34,304994.14
60,2024-10,24,446047.44,407944.43
60,2024-11,22,380707.18,349514.08
61,2023-08,30,523719.17,494525.44
61,2023-09,20,446099.02,414620.61
61,2023-10,19,311719.69,287466.37
61,2023-11,21,442839.37,406053.05
61,2023-12,26,473082.75,436414.58999999997
61,2024-01,23,409097.45,379992.23
61,2024-02,25,442883.31,409169.58
61,2024-03,26,490373.41,447325.70999999996
61,2024-04,23,390061.87,361463.84
61,2024-05,26,493480.75,455314.70999999996
61,2024-06,16,315877.73,292199.09
61,2024-07,19,344986.67,319541.22000000003
61,2024-08,25,354342.71,325548.45999999996
61,2024-09,11,171224.7,157395.71
61,2024-10,25,313968.2,287926.39
61,2024-11,22,479204.26,443503.77
62,2023-08,31,542501.86,497687.55
62,2023-09,16,390825.96,366688.45
62,2023-10,26,395715.5,364734.34
62,2023-11,20,338114.78,315258.57
62,2023-12,16,245596.22,230802.4
62,2024-01,15,259322.08000000002,233273.23
62,2024-02,19,474795.98,438059.56
62,2024-03,36,554283.0,507510.39
62,2024-04,26,410518.24,378234.94
62,2024-05,21,323662.5,294930.4
62,2024-06,22,246292.25,230570.46
62,2024-07,32,523472.49,478418.4
62,2024-08,17,291950.42,268187.25
62,2024-09,22,307165.85,279842.79
62,2024-10,22,501817.71,470430.59
62,2024-11,25,455998.04000000004,424612.36
63,2023-08,25,363068.33999999997,336136.09
63,2023-09,15,274572.81,252323.96000000002
63,2023-10,24,482674.89,441196.73
63,2023-11,19,384470.44,357831.94
63,2023-12,23,388646.36,357963.68
63,2024-01,22,329700.66000000003,303826.31
63,2024-02,24,528279.21,491372.88
63,2024-03,24,416854.93,388485.58999999997
63,2024-04,26,445383.29,411914.06
63,2024-05,23,430294.24,399125.28
63,2024-06,25,429679.82999999996,393012.97
63,2024-07,21,277267.43,259632.66
63,2024-08,18,347290.83999999997,321572.77
63,2024-09,21,324326.19,297214.03
63,2024-10,25,453710.43,415076.22
63,2024-11,18,345270.91,322353.89
64,2023-08,27,501829.01,465180.33
64,2023-09,20,397531.66000000003,369666.18
64,2023-10,12,226546.31,209641.5
64,2023-11,16,221962.19,201539.58000000002
64,2023-12,14,215459.63,201066.72
64,2024-01,30,498336.17,458744.23
64,2024-02,26,501784.62,463203.18
64,2024-03,25,464482.09,425423.99
64,2024-04,27,363068.31,336568.34
64,2024-05,30,456352.44,425836.65
64,2024-06,22,362210.02,333886.3
64,2024-07,18,377105.29000000004,343155.79000000004
64,2024-08,23,400648.34,369456.2
64,2024-09,19,322610.51,301461.5
64,2024-10,31,491037.33,452546.32
64,2024-11,24,413670.47000000003,376830.46
65,2023-08,26,472353.42,432505.51
65,2023-09,17,310535.62,283123.79
65,2023-10,24,505794.15,474353.01
65,2023-11,19,295651.33999999997,274835.92
65,2023-12,16,212929.33,195763.68
65,2024-01,25,467529.15,433631.02
65,2024-02,28,475622.97000000003,440182.5
65,2024-03,19,288959.38,270327.08
65,2024-04,23,341314.42,313992.99
65,2024-05,17,214699.31,198072.01
65,2024-06,32,692632.05,641937.26
65,2024-07,25,430682.62,401885.74
65,2024-08,28,573654.48,524781.12
65,2024-09,20,284284.54,264673.86
65,2024-10,27,397475.86,367253.63
65,2024-11,26,467954.24,434837.13
66,2023-08,12,164955.11000000002,154068.21
66,2023-09,26,440772.65,410286.9
66,2023-10,24,426288.44,392057.97000000003
66,2023-11,26,500565.01,463429.02
66,2023-12,20,302658.8,280099.77999999997
66,2024-01,25,424416.51,388771.63999999996
66,2024-02,24,326080.55,301653.81
66,2024-03,18,265210.96,244367.40000000002
66,2024-04,17,269611.39,247248.06
66,2024-05,24,366569.26,338125.2
66,2024-06,30,483775.45,446702.96
66,2024-07,21,462736.81,425057.39
66,2024-08,27,389003.7,358313.77
66,2024-09,24,409472.39999999997,380212.32
66,2024-10,29,395585.98,364714.04000000004
66,2024-11,25,359902.06,336119.17
67,2023-08,27,568023.79,524360.75
67,2023-09,32,602378.83,561945.8099999999
67,2023-10,18,311423.95,290428.89
67,2023-11,19,245476.78000000003,231001.37
67,2023-12,19,371531.3,341389.39
67,2024-01,30,581819.74,535107.72
67,2024-02,24,325924.75,302689.11
67,2024-03,19,386067.02999999997,354623.45
67,2024-04,19,269568.6,249812.12999999998
67,2024-05,28,569252.94,515779.14
67,2024-06,17,278344.55,259069.25
67,2024-07,26,400081.02999999997,373517.22
67,2024-08,19,398218.27999999997,365248.83
67,2024-09,28,365172.38,340993.49
67,2024-10,17,333876.72,311641.32
67,2024-11,16,345989.82,318344.94
68,2023-08,22,429759.89,398918.27
68,2023-09,23,366965.78,336110.07
68,2023-10,17,293814.08,276940.22000000003
68,2023-11,17,341674.19,310789.70999999996
68,2023-12,30,563464.29,521516.58
68,2024-01,25,472301.82,436840.08
68,2024-02,19,323294.65,300707.2
68,2024-03,21,370647.67,339338.17
68,2024-04,24,311458.76,287082.21
68,2024-05,23,389863.25,360049.56
68,2024-06,16,262193.23,243760.68
68,2024-07,25,391892.78,359994.69
68,2024-08,20,367793.33,341835.29
68,2024-09,21,387375.74,357908.04
68,2024-10,16,268565.31,250523.2
68,2024-11,21,344822.0,316012.38
69,2023-08,24,313458.95,289151.83
69,2023-09,20,279568.35,259994.29
69,2023-10,31,455851.41,424405.83
69,2023-11,27,482159.51,445370.23
69,2023-12,30,465843.02,432201.42
69,2024-01,19,330377.49,308472.29
69,2024-02,23,348292.7,324279.47
69,2024-03,16,250726.53999999998,233949.31
69,2024-04,23,297642.65,274478.78
69,2024-05,29,406134.75,371194.14
69,2024-06,19,407307.75,375070.16
69,2024-07,29,478365.66,438167.87
69,2024-08,26,340041.42,314964.48
69,2024-09,25,357873.74,331185.74
69,2024-10,20,337812.91,311066.0
69,2024-11,24,492970.60000000003,462602.67
7,2023-08,82,1410569.89,1300564.06
7,2023-09,53,957271.16,885685.28
7,2023-10,64,1019154.3,947149.76
7,2023-11,63,1084525.6,997373.77
7,2023-12,77,1143061.69,1052140.6
7,2024-01,58,813541.32,750902.9
7,2024-02,55,885264.74,822112.48
7,2024-03,76,1208220.68,1119743.88
7,2024-04,64,1101692.53,1020160.74
7,2024-05,61,993296.82,921749.68
7,2024-06,60,1154423.67,1069459.47
7,2024-07,69,1116033.86,1026735.4400000001
7,2024-08,58,955496.39,881367.87
7,2024-09,58,1125325.0,1035116.9
7,2024-10,65,1027087.14,946662.38
7,2024-11,62,1016407.7000000001,943850.6
70,2023-08,29,558169.8,518729.63
70,2023-09,16,288999.72,265716.12
70,2023-10,19,355783.0,331776.13
70,2023-11,20,355563.05,326497.22
70,2023-12,14,318019.61,295088.16000000003
70,2024-01,24,430988.07,403089.81
70,2024-02,23,313691.27,287500.08
70,2024-03,27,445078.41,409696.75
70,2024-04,16,276069.34,256281.07
70,2024-05,31,600748.7,552150.46
70,2024-06,22,427589.45,397863.7
70,2024-07,28,570189.5,528603.88
70,2024-08,19,293709.74,273409.91
70,2024-09,28,479957.29,442465.83999999997
70,2024-10,23,428446.14,398560.29000000004
70,2024-11,22,339755.92,317310.27999999997
71,2023-08,21,422861.4,396688.43
71,2023-09,21,439792.5,408303.62
71,2023-10,18,312828.83999999997,289136.01999999996
71,2023-11,24,480165.21,438337.11
71,2023-12,17,210485.74,195566.62
71,2024-01,27,478993.51,442165.35
71,2024-02,28,480919.9,447707.12
71,2024-03,25,404461.95,378600.20999999996
71,2024-04,18,423172.70999999996,391048.24
71,2024-05,21,360558.61,335315.19
71,2024-06,29,577950.04,533239.23
71,2024-07,15,302865.38,280531.66000000003
71,2024-08,21,456972.55,422494.25
71,2024-09,23,305325.06,284239.87
71,2024-10,24,333723.68,307684.13
71,2024-11,17,331526.98,309860.86
72,2023-08,19,229911.94,215732.99
72,2023-09,18,321444.31,296213.92
72,2023-10,21,398896.64999999997,371500.72
72,2023-11,18,338979.51,310090.14
72,2023-12,20,380830.55,351081.92
72,2024-01,19,323811.04,299236.5
72,2024-02,19,351214.53,321037.13
72,2024-03,28,503355.11,468197.13
72,2024-04,27,492683.06,452813.93
72,2024-05,28,571179.9,522056.12
72,2024-06,22,386216.38,360019.81
72,2024-07,23,381669.53,352016.54000000004
72,2024-08,22,215290.48,196527.77
72,2024-09,23,364928.07,333925.24
72,2024-10,26,505382.84,469016.76
72,2024-11,18,338067.5,309677.69
73,2023-08,24,325825.35,298345.15
73,2023-09,32,427826.0,396345.91000000003
73,2023-10,28,383437.18,359371.42
73,2023-11,22,391858.96,363063.33
73,2023-12,30,431700.96,400253.67
73,2024-01,25,457176.58999999997,423090.30000000005
73,2024-02,18,309019.14,285540.49
73,2024-03,22,430523.51,398258.37
73,2024-04,25,419732.63,389185.82
73,2024-05,16,280414.11,258899.44
73,2024-06,20,292262.49,268651.03
73,2024-07,16,283109.08,261676.54
73,2024-08,16,256068.15,238857.13
73,2024-09,22,407820.62,374987.95
73,2024-10,24,364611.05,340745.19
73,2024-11,21,368484.82,342269.7
74,2023-08,18,272657.69,256855.42
74,2023-09,19,328069.04000000004,303410.11
74,2023-10,31,557437.05,517655.51
74,2023-11,23,434832.88,399433.2
74,2023-12,21,265493.83,244983.01
74,2024-01,30,520443.19,480733.26
74,2024-02,21,381432.21,350180.13
74,2024-03,21,358505.7,330022.48
74,2024-04,25,334390.21,309349.82
74,2024-05,21,364083.85,335707.44
74,2024-06,18,295746.38,271465.34
74,2024-07,23,411583.97,380931.71
74,2024-08,24,372313.57,349151.33
74,2024-09,28,422645.33999999997,389737.45
74,2024-10,29,542602.37,504339.41000000003
74,2024-11,19,313868.41000000003,292807.97000000003
75,2023-08,20,362761.57,340089.58999999997
75,2023-09,21,278411.80000000005,255948.5
75,2023-10,20,374433.69,342839.83999999997
75,2023-11,20,380068.65,350728.08
75,2023-12,31,408516.72,377758.74
75,2024-01,21,345798.41000000003,319952.98
75,2024-02,25,438458.26,406423.43
75,2024-03,29,457612.64999999997,417740.2
75,2024-04,23,504270.97,470441.83
75,2024-05,20,316635.95,291603.61
75,2024-06,22,483458.98,448572.89
75,2024-07,23,336244.04,313858.79000000004
75,2024-08,23,458289.8,422835.76
75,2024-09,22,387203.07,351948.8
75,2024-10,25,462541.39,430471.97
75,2024-11,26,430148.61,402621.64
76,2023-08,24,429733.4,342745.9
76,2023-09,20,383127.86,287665.47
76,2023-10,21,358729.62,282902.25
76,2023-11,24,382245.86,304413.63
76,2023-12,30,344935.43,263337.0
76,2024-01,20,384123.07,273798.74
76,2024-02,20,406583.58999999997,303301.99
76,2024-03,22,355445.8,266985.41
76,2024-04,25,440731.62,335584.56
76,2024-05,29,603744.22,459035.76
76,2024-06,27,513297.91000000003,409524.56
76,2024-07,20,294572.66000000003,223619.11000000002
76,2024-08,16,302043.55,219819.16
76,2024-09,16,392379.69,305364.54000000004
76,2024-10,27,485854.4,357637.05
76,2024-11,20,264948.14,200557.76
77,2023-08,18,235895.28,217356.85
77,2023-09,19,218828.08000000002,200294.42
77,2023-10,18,281426.61,260156.3
77,2023-11,22,345963.11,314739.56
77,2023-12,17,237151.88999999998,218239.21
77,2024-01,26,533998.08,496306.31
77,2024-02,21,318632.37,298388.49
77,2024-03,24,407274.49,371433.87
77,2024-04,17,334152.15,310631.73
77,2024-05,26,349393.91000000003,323523.94
77,2024-06,14,173880.83,159581.88
77,2024-07,21,313133.35,292670.86
77,2024-08,25,468455.93,434866.19
77,2024-09,17,272233.55,251394.36000000002
77,2024-10,15,152875.55,142238.22
77,2024-11,20,308530.83999999997,282343.77
78,2023-08,20,390255.23,360046.55
78,2023-09,19,369765.41,341137.35
78,2023-10,17,289756.24,265498.33999999997
78,2023-11,34,555833.71,517167.79
78,2023-12,28,359088.76,333679.4
78,2024-01,33,496373.93,453755.02999999997
78,2024-02,20,323232.68,294531.1
78,2024-03,18,350886.48,327034.51
78,2024-04,23,472107.47,431862.56
78,2024-05,32,658326.4,608181.61
78,2024-06,17,315255.13,291205.59
78,2024-07,15,221946.49,204846.86
78,2024-08,28,526499.72,492571.06
78,2024-09,26,520646.79,483830.71
78,2024-10,16,324197.49,299013.93
78,2024-11,16,319570.19,300541.86
79,2023-08,22,395358.77,370336.77
79,2023-09,19,371262.1,338528.31
79,2023-10,21,394500.26,367858.71
79,2023-11,32,477001.93,439569.87
79,2023-12,27,388644.58,359391.5
79,2024-01,32,513384.34,472218.85
79,2024-02,27,498557.09,461139.67
79,2024-03,22,351511.63,328355.81
79,2024-04,23,318320.73,295286.48
79,2024-05,23,324842.56,299590.55
79,2024-06,19,322611.65,293490.64
79,2024-07,19,423054.33,388993.94999999995
79,2024-08,12,270288.14,249901.51
79,2024-09,20,390839.06,359750.54
79,2024-10,19,327090.8,305866.76
79,2024-11,26,402732.48,370873.53
8,2023-08,58,916028.01,847434.77
8,2023-09,60,1004090.99,927133.84
8,2023-10,68,1238135.98,1155363.27
8,2023-11,65,1243872.67,1148652.1300000001
8,2023-12,59,919823.42,845201.81
8,2024-01,84,1472543.21,1366126.86
8,2024-02,52,855096.07,793988.53
8,2024-03,65,1191853.27,1109895.79
8,2024-04,64,1252217.92,1156585.78
8,2024-05,59,1005675.99,933333.22
8,2024-06,58,987516.49,915982.88
8,2024-07,82,1261078.12,1171625.19
8,2024-08,62,1217637.08,1131838.08
8,2024-09,68,1196054.21,1109599.98
8,2024-10,64,1135325.41,1049955.88
8,2024-11,58,994133.05,918615.61
80,2023-08,30,382512.17,291651.97000000003
80,2023-09,22,377120.57,292574.86
80,2023-10,25,357637.01,275641.91
80,2023-11,21,406819.82,295115.52
80,2023-12,27,432888.49,329991.43
80,2024-01,16,244320.38,184294.8
80,2024-02,17,252397.92,200270.02
80,2024-03,27,535749.64,407608.75
80,2024-04,31,504839.91000000003,400966.16
80,2024-05,22,465472.42000000004,359391.16000000003
80,2024-06,27,605101.33,462491.3
80,2024-07,21,355046.87,281489.76
80,2024-08,23,592321.13,418550.05
80,2024-09,22,371196.99,298030.12
80,2024-10,23,396486.43,290263.07
80,2024-11,19,252437.16,205932.18
81,2023-08,19,320268.51,296958.66000000003
81,2023-09,20,297870.36,278011.35
81,2023-10,22,338758.43,314074.73
81,2023-11,16,249191.13,229903.16999999998
81,2023-12,17,212564.51,196934.91999999998
81,2024-01,23,349104.93,324225.7
81,2024-02,26,408833.98,381740.11
81,2024-03,23,445434.5,412119.31
81,2024-04,12,230786.58,216248.62
81,2024-05,23,395905.79000000004,366386.32
81,2024-06,25,478905.01,446134.91
81,2024-07,26,418899.77,385148.41
81,2024-08,26,411739.61,381627.06
81,2024-09,21,374363.61,345286.9
81,2024-10,23,372686.99,341861.38
81,2024-11,27,448855.76,410559.67
82,2023-08,18,246541.28,229332.44999999998
82,2023-09,25,371933.81,347638.83
82,2023-10,25,436329.31,401702.33
82,2023-11,26,294246.75,268018.37
82,2023-12,23,420803.52,389774.79
82,2024-01,19,331116.72,306012.63
82,2024-02,23,362220.82,337050.77
82,2024-03,21,417331.41,383409.31
82,2024-04,21,411064.76,382738.43
82,2024-05,15,289667.36,270305.77
82,2024-06,35,688242.79,640181.83
82,2024-07,24,278631.45,259450.87
82,2024-08,33,535158.0,493870.19
82,2024-09,22,301335.91,279337.29
82,2024-10,23,342081.03,316494.57
82,2024-11,16,211874.89,195712.4
83,2023-08,23,381433.16000000003,350602.89999999997
83,2023-09,16,357377.33,331751.49
83,2023-10,15,287606.64,262762.96
83,2023-11,30,502489.06,463868.02
83,2023-12,25,556503.22,517665.20999999996
83,2024-01,23,408208.42,375732.64
83,2024-02,21,403121.42,373617.18
83,2024-03,25,494763.44,457251.39
83,2024-04,37,606348.47,562556.9199999999
83,2024-05,24,424672.67,385711.93
83,2024-06,25,569211.3,526105.92
83,2024-07,17,233651.3,216167.27
83,2024-08,20,420119.4,392395.47
83,2024-09,21,314319.92,293219.56
83,2024-10,20,371952.81,344420.47
83,2024-11,27,472556.28,438310.05
84,2023-08,24,439219.41000000003,403571.97
84,2023-09,16,262566.82,243458.8
84,2023-10,29,429671.46,396223.93
84,2023-11,17,271869.49,247485.07
84,2023-12,22,396898.0,369048.95999999996
84,2024-01,28,492179.03,458262.48
84,2024-02,33,634751.05,582511.4
84,2024-03,16,262166.02999999997,238375.33
84,2024-04,32,499456.29,462877.12
84,2024-05,26,560493.26,519624.91
84,2024-06,27,491311.26,459748.82
84,2024-07,33,451476.53,419270.33
84,2024-08,21,464431.76,430161.48
84,2024-09,15,271082.39,254196.15
84,2024-10,24,313524.97,290469.73
84,2024-11,20,415440.83,386072.33
85,2023-08,24,282765.16,265005.71
85,2023-09,20,335830.8,310770.89
85,2023-10,17,289583.26,268729.48
85,2023-11,23,392242.75999999995,362887.54
85,2023-12,27,543455.52,499457.12
85,2024-01,25,343988.01,315732.58
85,2024-02,25,336681.51,314424.22
85,2024-03,24,366722.62,343266.46
85,2024-04,21,378455.81,347309.39
85,2024-05,20,358590.71,331611.24
85,2024-06,21,438218.81,406626.94
85,2024-07,22,426986.85,392686.37
85,2024-08,27,487426.09,449838.22
85,2024-09,26,442096.45,412155.31
85,2024-10,27,498963.26,466197.83
85,2024-11,32,580168.91,541718.85
86,2023-08,18,252663.71,235405.34
86,2023-09,26,477232.23,442604.21
86,2023-10,25,393364.37,362572.56
86,2023-11,26,341565.03,318597.27
86,2023-12,18,292336.42,269997.66000000003
86,2024-01,21,409760.01,379103.3
86,2024-02,16,190441.92,177323.72
86,2024-03,18,286629.64,264789.64999999997
86,2024-04,26,374683.77999999997,347870.22
86,2024-05,18,247143.43,225661.59
86,2024-06,22,395046.10000000003,365330.15
86,2024-07,18,389045.64,360948.75
86,2024-08,22,300832.91,280177.57
86,2024-09,20,404139.74,376691.57
86,2024-10,27,477674.11,440463.39
86,2024-11,31,586015.52,535684.69
87,2023-08,21,384602.7,357756.85000000003
87,2023-09,20,351204.49,329979.7
87,2023-10,14,268467.1,251935.77
87,2023-11,17,208431.47,192739.96
87,2023-12,28,501674.77,462701.57
87,2024-01,20,393566.53,359775.27999999997
87,2024-02,19,287994.69,264419.8
87,2024-03,28,479200.46,449605.33
87,2024-04,24,356529.11,327191.3
87,2024-05,23,303839.65,280922.52
87,2024-06,22,360307.36,332086.19
87,2024-07,18,304418.33,279867.17
87,2024-08,19,313785.52,289919.36
87,2024-09,27,499947.71,459128.43
87,2024-10,24,381466.54,350791.72
87,2024-11,23,323519.06,295355.87
88,2023-08,13,259468.09,239361.76
88,2023-09,16,357852.65,332303.49
88,2023-10,23,447177.51,412463.96
88,2023-11,22,444033.44,415234.59
88,2023-12,21,349084.2,323095.55
88,2024-01,24,339939.72,316406.84
88,2024-02,17,321706.0,300223.88
88,2024-03,19,340260.05,314872.4
88,2024-04,23,320258.58,296582.18
88,2024-05,24,434278.3,399309.37
88,2024-06,27,371873.52,344884.52
88,2024-07,21,466463.81,431315.45
88,2024-08,20,366854.77,340374.94
88,2024-09,24,470869.83999999997,431912.45999999996
88,2024-10,27,512487.25,472714.61
88,2024-11,19,339917.42,312554.57999999996
89,2023-08,18,332725.53,266569.31
89,2023-09,27,453186.68,350078.73
89,2023-10,29,418740.96,308435.87
89,2023-11,13,222071.0,165667.16
89,2023-12,22,257440.13999999998,178177.78
89,2024-01,22,459399.58,343095.21
89,2024-02,23,405019.77,283567.58999999997
89,2024-03,17,404191.57,309958.99
89,2024-04,26,338800.91000000003,260214.69
89,2024-05,24,355369.23,260013.57
89,2024-06,18,256348.41999999998,187436.75
89,2024-07,37,694618.83,550262.47
89,2024-08,25,501096.09,378561.06
89,2024-09,25,354704.97000000003,269595.8
89,2024-10,29,512109.82,388075.71
89,2024-11,28,422797.70999999996,359676.96
9,2023-08,56,1011543.79,932743.59
9,2023-09,79,1436784.37,1333759.58
9,2023-10,61,1081133.61,997509.39
9,2023-11,68,1111400.1300000001,1026803.89
9,2023-12,64,800569.38,733586.1
9,2024-01,58,869888.69,803200.36
9,2024-02,66,1184294.26,1093227.38
9,2024-03,73,1140187.17,1057573.53
9,2024-04,75,1250445.17,1140995.35
9,2024-05,76,1259477.72,1162405.09
9,2024-06,70,1307532.2,1215124.58
9,2024-07,83,1452457.63,1348831.25
9,2024-08,66,1114180.25,1036656.19
9,2024-09,77,1388618.24,1284016.29
9,2024-10,67,1248172.72,1151925.56
9,2024-11,66,943800.21,874617.22
90,2023-08,20,327834.85,301576.34
90,2023-09,16,368818.60000000003,344269.86
90,2023-10,25,401774.5,373240.04
90,2023-11,29,465679.58,432274.08999999997
90,2023-12,20,415456.73,379826.41000000003
90,2024-01,27,539900.27,498742.85000000003
90,2024-02,27,448749.32999999996,411418.05
90,2024-03,16,238995.17,220861.68000000002
90,2024-04,24,448593.76,415907.49
90,2024-05,20,289385.75,266013.72
90,2024-06,25,443293.01999999996,406031.2
90,2024-07,25,499715.69,462718.21
90,2024-08,26,439130.46,408362.42
90,2024-09,19,355861.58999999997,330452.9
90,2024-10,23,474971.14,440521.42
90,2024-11,21,373870.76,347609.22
91,2023-08,25,437701.64,402577.1
91,2023-09,11,256785.86,234372.03
91,2023-10,29,586074.23,543511.82
91,2023-11,22,446662.75,414475.81
91,2023-12,23,444597.73,407240.76999999996
91,2024-01,24,378193.94,351062.94
91,2024-02,19,394929.24,364422.60000000003
91,2024-03,21,338860.17,310709.87
91,2024-04,22,407081.63,371994.89
91,2024-05,29,509984.11,475351.41
91,2024-06,19,310954.55,289535.56
91,2024-07,15,238953.89,223898.9
91,2024-08,24,503999.19,464434.5
91,2024-09,21,374303.63,342833.0
91,2024-10,22,365574.01999999996,331863.3
91,2024-11,37,653805.8099999999,601820.39
92,2023-08,31,440318.33,414018.79
92,2023-09,18,322209.14,299103.35
92,2023-10,22,188109.84,176431.3
92,2023-11,20,241727.1,219104.31
92,2023-12,27,500125.01999999996,460533.34
92,2024-01,20,384239.51,354493.18
92,2024-02,19,307286.37,286896.06
92,2024-03,17,288634.0,266927.52
92,2024-04,28,596723.3300000001,550794.76
92,2024-05,25,367041.97000000003,342714.83
92,2024-06,20,320461.22,299966.84
92,2024-07,24,301894.7,277714.68
92,2024-08,15,185690.45,174138.24
92,2024-09,33,576748.43,537332.97
92,2024-10,24,421707.47,390466.2
92,2024-11,24,393172.24,366947.01999999996
93,2023-08,22,380976.98,351763.74
93,2023-09,18,314100.28,289286.75
93,2023-10,28,582009.67,541486.35
93,2023-11,22,276888.59,257323.94
93,2023-12,20,379098.05,353604.22000000003
93,2024-01,24,394928.38,366599.01
93,2024-02,25,394835.42,362582.31
93,2024-03,32,474253.91,435323.99
93,2024-04,11,141445.15,130984.79
93,2024-05,16,271762.53,250543.64
93,2024-06,18,306730.43,285650.52
93,2024-07,22,399379.19,370584.48
93,2024-08,23,458478.81,424711.61000000004
93,2024-09,19,321980.47,296611.01
93,2024-10,19,275088.39,251325.02
93,2024-11,30,548209.08,511534.12
94,2023-08,30,502578.77,461847.51
94,2023-09,20,367860.59,341962.33999999997
94,2023-10,20,289138.68,269678.42
94,2023-11,29,456328.07,421201.89
94,2023-12,27,546400.74,507953.92
94,2024-01,15,269060.1,254484.91
94,2024-02,17,227368.5,208856.29
94,2024-03,31,532816.6799999999,495300.6
94,2024-04,17,285496.89,265825.6
94,2024-05,19,265171.71,245968.59000000003
94,2024-06,14,249664.31,229710.63999999998
94,2024-07,21,287650.16,265803.79
94,2024-08,20,426449.89,399610.21
94,2024-09,24,396235.32,363552.47
94,2024-10,21,436864.32,399375.5
94,2024-11,19,321607.23,298076.22
95,2023-08,27,436827.58,409247.81
95,2023-09,23,464732.66000000003,424210.71
95,2023-10,35,554283.62,518037.55
95,2023-11,28,442247.04,411903.29000000004
95,2023-12,13,296921.63,282087.65
95,2024-01,17,221091.19,199455.39
95,2024-02,19,312182.83,288793.89
95,2024-03,34,585921.2,544723.97
95,2024-04,22,493839.22,455809.58999999997
95,2024-05,27,338737.06,313221.25
95,2024-06,22,390950.21,365864.82
95,2024-07,23,391034.44,363969.25
95,2024-08,27,381337.82,353228.21
95,2024-09,31,511051.05,475332.18
95,2024-10,25,434739.7,403104.02
95,2024-11,23,538653.11,502442.82
96,2023-08,22,252374.56,232208.46
96,2023-09,20,318817.83,297261.04
96,2023-10,21,383345.25,354861.83
96,2023-11,19,314885.02,292481.82
96,2023-12,29,442853.27,411089.89
96,2024-01,11,261140.77,241066.09
96,2024-02,30,709711.78,659005.46
96,2024-03,17,401162.02,369672.51
96,2024-04,20,356983.03,334087.31
96,2024-05,22,401280.64999999997,377943.43
96,2024-06,24,324192.65,302558.62
96,2024-07,20,364799.39,339084.93
96,2024-08,21,302270.48,279133.82
96,2024-09,21,380050.81,350903.19
96,2024-10,25,517973.35,486987.23
96,2024-11,20,311518.08,286051.4
97,2023-08,25,412040.76,380137.36
97,2023-09,25,406391.36,379049.36
97,2023-10,31,600032.5499999999,548325.53
97,2023-11,30,571605.11,534006.39
97,2023-12,30,529104.65,491611.37
97,2024-01,20,334841.01,309565.98
97,2024-02,19,431020.06,395563.6
97,2024-03,26,549009.96,512020.02999999997
97,2024-04,24,434187.05,402082.46
97,2024-05,23,422422.66,388247.85
97,2024-06,26,484737.53,450540.2
97,2024-07,24,411285.25,384266.44
97,2024-08,18,335632.35,311484.54
97,2024-09,18,251011.09,230710.65
97,2024-10,26,370909.67,343189.59
97,2024-11,19,362048.26,339533.44
98,2023-08,24,357079.87,328899.64
98,2023-09,20,435391.11,406774.71
98,2023-10,25,530065.82,493878.77
98,2023-11,21,306492.61,284677.41000000003
98,2023-12,31,451833.47000000003,420383.81
98,2024-01,24,357467.85000000003,333103.79000000004
98,2024-02,18,465343.16,430679.17000000004
98,2024-03,22,425578.83,396371.10000000003
98,2024-04,19,415226.98,386756.43
98,2024-05,24,439525.41000000003,404963.61
98,2024-06,14,273565.33999999997,253240.71
98,2024-07,27,479173.91000000003,444580.39
98,2024-08,23,457375.95,427385.46
98,2024-09,20,407623.14,378020.62
98,2024-10,21,330046.15,312900.29
98,2024-11,18,363637.36,334793.31
99,2023-08,31,465988.88,359849.52
99,2023-09,22,374631.05,291785.52999999997
99,2023-10,19,325998.91,255974.97
99,2023-11,24,484321.71,340971.19
99,2023-12,29,444621.38,331363.98
99,2024-01,25,482539.46,374031.86
99,2024-02,21,303431.13,236616.22
99,2024-03,24,395849.51,282718.79
99,2024-04,20,361310.84,249746.82
99,2024-05,19,342629.86,261519.66
99,2024-06,13,189974.8,138950.14
99,2024-07,25,387648.63,305730.47000000003
99,2024-08,31,585193.17,430421.23
99,2024-09,29,463079.14,336667.87
99,2024-10,28,408044.39,318181.11
99,2024-11,26,518600.32,400375.05
